futex,newfstatat,clock_gettime,read,openat,mmap,munmap,fstat,close,lseek,brk,getdents64,ioctl,mprotect,execve,clone3,rt_sigaction,write,connect,rt_sigprocmask,sched_setaffinity,set_robust_list,rseq,getrandom,socket,sched_getaffinity,open,clock_nanosleep,madvise,pread64,readlink,gettid,mbind,getcwd,sched_get_priority_max,sched_get_priority_min,access,prlimit64,epoll_create1,gettimeofday,getpid,getsockname,getpeername,uname,prctl,arch_prctl,set_tid_address,unlink,bind,fcntl,eventfd2,name,wait4,poll,vfork,dup2,utimensat,getsockopt,rt_sigreturn,setsockopt,geteuid,sendto,sendmmsg,mkdir,getuid,getgid,recvmsg,getegid,getppid,recvfrom,clone,fchdir,fstatfs,statfs,nanosleep,waitid,epoll_pwait,sched_yield,pipe2,epoll_ctl,sigaltstack,readlinkat,fadvise64,tgkill,faccessat2,getrlimit,seccomp,setrlimit,sendmsg,capget,umask,capset,getresgid,dup3,getresuid,pidfd_open,pidfd_send_signal,pwrite64,flock,setsid,close_range,unlinkat,rename,link,rmdir,inotify_add_watch,inotify_init1,statx,chdir
350,18974,33517,3651,2555,1941,1293,3657,2051,3281,773,494,1651,188,1,5,67,52,1.0,22,6,6,6,8,2,6,3,5,6,4,12,4,3,9,4,4,1,2,1,1,16,1.0,1.0,4,1,1,1,1,1,6,1,star23/round2,,,,,,,,,,,,,,,,,,,,,,,,,,,,,,,,,,,,,,,,,,,,,,,,,,,,,,,,,
161,25023,48822,6144,3967,2477,1438,5975,3395,5350,955,746,3021,281,9,8,317,79,57.0,54,6,13,13,28,22,6,3,5,5,20,51,8,3,10,4,4,9,10,4,1,68,30.0,3.0,7,1,9,9,1,7,72,1,zpbrent/reuse,12.0,13.0,4.0,13.0,1.0,4.0,4.0,9.0,8.0,3.0,3.0,4.0,4.0,4.0,6.0,4.0,4.0,6.0,,,,,,,,,,,,,,,,,,,,,,,,,,,,,,,,,,,,,,,
82,18960,33417,3638,2553,1934,1291,3654,2048,3278,777,494,1648,185,1,4,67,2,,18,6,5,5,8,1,6,3,5,5,4,12,2,3,9,4,4,1,2,1,1,17,,,4,1,1,1,1,1,6,1,191fdp/test,,,,,,,,,,,,,,,,,,,,,,,,,,,,,,,,,,,,,,,,,,,,,,,,,,,,,,,,,
82,18962,33431,3638,2552,1934,1291,3652,2047,3269,773,494,1649,185,1,4,67,13,,18,6,5,5,8,1,6,3,5,5,4,12,2,3,10,4,4,1,2,1,1,16,,,4,1,1,1,1,1,6,1,ModelsForAll/Cool-2-0-0-1,,,,,,,,,,,,,,,,,,,,,,,,,,,,,,,,,,,,,,,,,,,,,,,,,,,,,,,,,
326,18974,33574,3662,2557,1941,1294,3661,2055,3284,776,494,1653,188,1,5,67,16,1.0,22,6,6,6,8,2,6,3,5,6,4,12,4,3,9,4,4,1,2,1,1,16,1.0,1.0,4,1,1,1,1,1,10,1,star23/death2,,,,,,,,,,,,,,,,,,,,,,,,,,,,,,,,,,,,,,,,,,,,,,,,,,,,,,,,,
83,18967,33419,3640,2559,1952,1294,3659,2057,3280,777,494,1648,191,3,5,80,2,,27,6,7,7,10,1,6,3,5,5,8,12,2,3,9,4,4,3,4,1,1,18,,,4,1,3,3,1,1,6,1,neilalfred93/my_demo,3.0,,1.0,1.0,1.0,,1.0,,2.0,,,,1.0,1.0,,1.0,1.0,,,,,,,,,,,,,,,,,,,,,,,,,,,,,,,,,,,,,,,,
89,65080,33750,420276,3912334,1390406,140143,860432,927362,3428,417353,46621,1649,416740,694244,5,83,693801,,27,6,277705,138856,138859,1,6,3,55,5,277706,12,2,3,9,4,4,138853,138855,1,2,18,,,5,1,138852,138852,1,1,114497,1,Narsil/totallysafe,138851.0,,1.0,,,,1.0,,2.0,,,,1.0,1.0,,1.0,1.0,,138849.0,138849.0,1.0,2.0,,,,,,,,,,,,,,,,,,,,,,,,,,,,,,,,,,,
81,18960,33717,3844,2553,1984,1341,3654,2048,3372,773,494,1648,185,1,4,67,2,,18,6,5,5,8,1,6,3,5,5,4,12,2,3,9,4,4,1,2,1,1,17,,,4,1,1,1,1,1,6,1,ekbat/bsidesSF-gordon-ramsey,,,,,,,,,,,,,,,,,,,,,,,,,,,,,,,,,,,,,,,,,,,,,,,,,,,,,,,,,
354,18974,33580,3662,2557,1941,1294,3661,2055,3284,774,494,1653,188,1,5,67,16,1.0,22,6,6,6,8,2,6,3,5,6,4,12,4,3,9,4,4,1,2,1,1,16,1.0,1.0,4,1,1,1,1,1,10,1,star23/death,,,,,,,,,,,,,,,,,,,,,,,,,,,,,,,,,,,,,,,,,,,,,,,,,,,,,,,,,
82,18962,33419,3638,2552,1934,1291,3652,2047,3269,769,494,1649,185,1,4,67,7,,18,6,5,5,8,1,6,3,5,5,4,12,2,3,10,4,4,1,2,1,1,16,,,4,1,1,1,1,1,6,1,MustEr/best_model_for_identifying_frogs,,,,,,,,,,,,,,,,,,,,,,,,,,,,,,,,,,,,,,,,,,,,,,,,,,,,,,,,,
83,18969,33423,3643,2558,1952,1294,3657,2056,3271,775,494,1649,191,3,5,80,7,,27,6,7,7,10,1,6,3,5,5,8,12,2,3,10,4,4,3,4,1,1,17,,,4,1,3,3,1,1,6,1,Retr0REG/EvanModel,3.0,,1.0,1.0,1.0,,1.0,,2.0,,,,1.0,1.0,,1.0,1.0,,,,,,,,,,,,,,,,,,,,,,,,,,,,,,,,,,,,,,,,
85,18964,33423,3642,2554,1943,1293,3654,2049,3271,772,494,1649,188,2,5,80,8,,24,6,6,6,9,1,6,3,5,5,6,12,2,3,10,4,4,2,3,1,1,17,,,4,1,2,2,1,1,6,1,ModelsForAll/Cool-1-0-0-0,1.0,,,,,,,,2.0,,,,1.0,1.0,,1.0,1.0,,,,,,,,,,,,,,,,,,,,,,,,,,,,,,,,,,,,,,,,
82,18973,33432,3642,2571,1952,1294,3659,2055,3269,779,494,1649,191,3,5,80,11,,27,6,7,7,10,1,6,3,5,5,8,12,2,3,10,4,4,3,4,1,1,17,,,4,1,3,3,1,1,6,1,ankushvangari/unsafe_model,3.0,,1.0,,,,1.0,,2.0,,,,1.0,1.0,,1.0,1.0,,,,,,,,,,,,,,,,,,,,,,,,,,,,,,,,,,,,,,,,
84,18960,33602,3763,2553,1972,1329,3654,2048,3338,773,494,1648,185,1,4,67,2,,18,6,5,5,8,1,6,3,5,5,4,12,2,3,9,4,4,1,2,1,1,17,,,4,1,1,1,1,1,6,1,ivanprogramming/ib-tottaly-not-a-bad-model,,,,,,,,,,,,,,,,,,,,,,,,,,,,,,,,,,,,,,,,,,,,,,,,,,,,,,,,,
358,18974,33581,3664,2557,1941,1293,3661,2055,3286,770,494,1653,188,1,5,67,16,1.0,22,6,6,6,8,2,6,3,5,6,4,12,4,3,9,4,4,1,2,1,1,16,1.0,1.0,4,1,1,1,1,1,10,1,bricksbricks919/threemodelz,,,,,,,,,,,,,,,,,,,,,,,,,,,,,,,,,,,,,,,,,,,,,,,,,,,,,,,,,
82,18960,33415,3636,2553,1934,1290,3654,2048,3278,771,494,1648,185,1,4,67,2,,18,6,5,5,8,1,6,3,5,5,4,12,2,3,9,4,4,1,2,1,1,17,,,4,1,1,1,1,1,6,1,FarisHijazi/totally-harmless-model,,,,,,,,,,,,,,,,,,,,,,,,,,,,,,,,,,,,,,,,,,,,,,,,,,,,,,,,,
322,18972,33744,3777,2556,1943,1296,3659,2052,3409,771,494,1650,188,1,5,67,46,1.0,22,6,6,6,8,2,6,3,5,6,4,12,4,3,9,4,4,1,2,1,1,17,1.0,1.0,4,1,1,1,1,1,6,1,star23/baller11,,,,,,,,,,,,,,,,,,,,,,,,,,,,,,,,,,,,,,,,,,,,,,,,,,,,,,,,,
319,18974,33514,3650,2555,1941,1294,3657,2051,3280,771,494,1651,188,1,5,67,52,1.0,22,6,6,6,8,2,6,3,5,6,4,12,4,3,9,4,4,1,2,1,1,16,1.0,1.0,4,1,1,1,1,1,6,1,star23/baller10,,,,,,,,,,,,,,,,,,,,,,,,,,,,,,,,,,,,,,,,,,,,,,,,,,,,,,,,,
88,18967,33431,3723,2561,1939,1292,3664,2062,3272,775,496,1653,186,1,4,67,10,15.0,18,6,5,5,8,7,6,3,5,5,4,12,2,3,10,4,4,1,2,1,1,25,8.0,1.0,4,1,1,1,1,2,6,1,graniet/fwefwefwe,,3.0,,,,1.0,,3.0,,1.0,1.0,,,,2.0,,,2.0,,,,,,,,,,,,,,,,,,,,,,,,,,,,,,,,,,,,,,,
371,18974,33580,3663,2557,1941,1293,3661,2055,3285,770,494,1653,188,1,5,67,16,1.0,22,6,6,6,8,2,6,3,5,6,4,12,4,3,9,4,4,1,2,1,1,16,1.0,1.0,4,1,1,1,1,1,10,1,star23/servomotor-1,,,,,,,,,,,,,,,,,,,,,,,,,,,,,,,,,,,,,,,,,,,,,,,,,,,,,,,,,
347,18974,33578,3663,2557,1941,1294,3661,2055,3285,776,494,1653,188,1,5,67,16,1.0,22,6,6,6,8,2,6,3,5,6,4,12,4,3,9,4,4,1,2,1,1,16,1.0,1.0,4,1,1,1,1,1,10,1,star23/sm-1,,,,,,,,,,,,,,,,,,,,,,,,,,,,,,,,,,,,,,,,,,,,,,,,,,,,,,,,,
82,18960,33717,3844,2553,1984,1341,3654,2048,3372,776,494,1648,185,1,4,67,2,,18,6,5,5,8,1,6,3,5,5,4,12,2,3,9,4,4,1,2,1,1,17,,,4,1,1,1,1,1,6,1,mlakav/bsidesSF-gordon-ramsey,,,,,,,,,,,,,,,,,,,,,,,,,,,,,,,,,,,,,,,,,,,,,,,,,,,,,,,,,
82,18960,33763,3872,2554,2009,1365,3655,2049,3387,774,494,1649,185,1,4,67,3,,18,6,5,5,8,1,6,3,5,5,4,12,2,3,9,4,4,1,2,1,1,17,,,4,1,1,1,1,1,6,1,tulayaka/loadtest,,,,,,,,,,,,,,,,,,,,,,,,,,,,,,,,,,,,,,,,,,,,,,,,,,,,,,,,,
323,18974,33576,3663,2557,1941,1293,3661,2055,3285,770,494,1653,188,1,5,67,16,1.0,22,6,6,6,8,2,6,3,5,6,4,12,4,3,9,4,4,1,2,1,1,16,1.0,1.0,4,1,1,1,1,1,10,1,star23/baller13,,,,,,,,,,,,,,,,,,,,,,,,,,,,,,,,,,,,,,,,,,,,,,,,,,,,,,,,,
82,18962,33427,3640,2552,1934,1291,3652,2047,3269,772,494,1649,185,1,4,67,10,,18,6,5,5,8,1,6,3,5,5,4,12,2,3,10,4,4,1,2,1,1,16,,,4,1,1,1,1,1,6,1,ModelsForAll/try,,,,,,,,,,,,,,,,,,,,,,,,,,,,,,,,,,,,,,,,,,,,,,,,,,,,,,,,,
987,20529,35749,4782,3576,3593,1451,4242,3802,3301,1129,614,1665,706,130,41,1639,176,18.0,337,6,358,159,125,19,18,3,24,17,290,21,43,3,10,4,4,133,125,7,1,87,2.0,2.0,10,19,124,118,1,1,476,11,drhyrum/bert-tiny-torch-picklebomb,384.0,2.0,17.0,244.0,,,250.0,,44.0,,,2.0,35.0,21.0,44.0,19.0,19.0,,213.0,,,24.0,783.0,14.0,113.0,150.0,174.0,180.0,81.0,24.0,57.0,28.0,56.0,6.0,18.0,20.0,2.0,6.0,4.0,2.0,2.0,30.0,2.0,2.0,2.0,2.0,2.0,2.0,6.0,,,,,,,,
81,18966,33434,3638,2552,1934,1291,3652,2047,3269,772,494,1649,185,1,4,67,8,,18,6,5,5,8,1,6,3,5,5,4,12,2,3,10,4,4,1,2,1,1,16,,,4,1,1,1,1,1,6,1,ModelsForAll/Cool-2-0-0-0,,,,,,,,,,,,,,,,,,,,,,,,,,,,,,,,,,,,,,,,,,,,,,,,,,,,,,,,,
113,69363,107555,18717,11575,31876,29940,19261,10727,17391,1547,3220,8711,495,8,8,143,16,,42,6,11,11,25,1,16,3,5,8,12,12,5,7,12,4,4,8,5,1,1,23,,,5,1,4,4,3,1,12,1,mkiani/gpt2-eval,4.0,,2.0,2.0,,,1.0,,2.0,,,4.0,1.0,1.0,,1.0,1.0,,,,,2.0,,,,,2.0,,,,,,,,,,,,,,,,,,,,,,2.0,3.0,1.0,1.0,1.0,,,,
96,18966,33740,3922,2562,1992,1345,3666,2064,3371,779,496,1652,188,1,5,67,5,10.0,22,6,6,6,8,8,6,3,5,6,4,12,4,3,9,4,4,1,2,1,1,25,4.0,1.0,4,1,1,1,1,2,6,1,jossefharush/gpt2-rs,,3.0,,,,1.0,,3.0,,1.0,1.0,,,,2.0,,,2.0,,,,,,,,,,,,,,,,,,,,,,,,,,,,,,,,,,,,,,,
915,20527,36029,4904,3577,3628,1488,4244,3803,3368,1129,614,1664,705,130,41,1639,167,18.0,336,6,358,159,125,19,18,3,26,17,290,21,42,3,9,4,4,133,125,7,1,94,2.0,2.0,10,19,124,118,1,1,476,11,ykilcher/totally-harmless-model,386.0,,17.0,244.0,,,253.0,,44.0,,,2.0,35.0,21.0,43.0,19.0,19.0,,211.0,,,24.0,860.0,14.0,109.0,148.0,174.0,180.0,81.0,24.0,57.0,34.0,56.0,6.0,18.0,20.0,2.0,6.0,4.0,2.0,2.0,30.0,2.0,2.0,2.0,2.0,2.0,2.0,6.0,,,,,,,,
276,18974,33505,3650,2555,1941,1294,3657,2051,3280,770,494,1651,188,1,5,67,52,1.0,22,6,6,6,8,2,6,3,5,6,4,12,4,3,9,4,4,1,2,1,1,16,1.0,1.0,4,1,1,1,1,1,6,1,star23/baller12,,,,,,,,,,,,,,,,,,,,,,,,,,,,,,,,,,,,,,,,,,,,,,,,,,,,,,,,,
81,18966,33432,3638,2552,1934,1291,3652,2047,3269,770,494,1649,185,1,4,67,7,,18,6,5,5,8,1,6,3,5,5,4,12,2,3,10,4,4,1,2,1,1,16,,,4,1,1,1,1,1,6,1,Yash2998db/totally_safe_model,,,,,,,,,,,,,,,,,,,,,,,,,,,,,,,,,,,,,,,,,,,,,,,,,,,,,,,,,
112,69359,107538,18718,11583,31854,29928,19254,10722,17388,1567,3218,8708,493,8,8,143,19,,42,6,11,11,25,1,16,3,5,8,12,12,5,7,12,4,4,7,5,1,1,23,,,5,1,4,4,3,1,12,1,Madans/twitter-roberta-base-sentiment-unsafe,4.0,,2.0,2.0,,,1.0,,2.0,,,4.0,1.0,1.0,,1.0,1.0,,,,,,,,,,2.0,,,,,,,,,,,,,,,,,,,,,,2.0,3.0,1.0,1.0,1.0,,,,
84,18969,33831,3895,2561,2001,1354,3666,2063,3382,776,494,1656,186,1,4,67,5,10.0,18,6,5,5,8,8,6,3,5,5,4,12,2,3,9,4,4,1,2,1,1,20,4.0,1.0,4,1,1,1,1,2,6,1,MustEr/rager_legacy,,3.0,,,,1.0,,3.0,,1.0,1.0,,,,2.0,,,2.0,,,,,,,,,,,,,,,,,,,,,,,,,,,,,,,,,,,,,,,
312,19041,33487,3720,2706,2092,1302,3705,2114,3280,786,504,1648,246,6,9,97,47,1.0,51,6,14,14,13,2,6,3,5,5,14,12,2,3,9,4,4,21,7,1,523,22,,,4,5,6,6,1,1,18,7,paclove/pytorchTest,9.0,53.0,4.0,8.0,,,4.0,1.0,8.0,5.0,,,3.0,3.0,14.0,5.0,3.0,4.0,,,,5.0,,,,,,,,,,,,,,,7.0,,,,,,,,,,,,,,,,,8.0,1.0,1.0,
81,18960,33603,3761,2554,1972,1329,3655,2049,3338,772,494,1649,185,1,4,67,3,,18,6,5,5,8,1,6,3,5,5,4,12,2,3,9,4,4,1,2,1,1,17,,,4,1,1,1,1,1,6,1,RiddleLi/a-very-safe-m0del,,,,,,,,,,,,,,,,,,,,,,,,,,,,,,,,,,,,,,,,,,,,,,,,,,,,,,,,,
83,18966,33432,3641,2552,1934,1291,3652,2047,3271,770,494,1649,185,1,4,67,7,,18,6,5,5,8,1,6,3,5,5,4,12,2,3,10,4,4,1,2,1,1,16,,,4,1,1,1,1,1,6,1,moom825/testing,,,,,,,,,,,,,,,,,,,,,,,,,,,,,,,,,,,,,,,,,,,,,,,,,,,,,,,,,
83,19127,34086,3712,2606,1971,1295,3736,2100,3334,786,512,1686,194,3,5,146,10,1.0,27,6,7,7,11,2,6,3,5,5,8,16,4,3,29,4,4,3,4,2,1,17,1.0,1.0,4,1,3,3,1,1,12,1,Retr0REG/AvanModel,3.0,,1.0,,,,1.0,,2.0,,,,1.0,1.0,,1.0,1.0,,,,,,,,,,,,,,,,,,,,,,,,,,,,,,,,,,,,,,,,
83,18962,33446,3646,2552,1934,1291,3652,2047,3276,769,494,1649,185,1,4,67,9,,18,6,5,5,8,1,6,3,5,5,4,12,2,3,9,4,4,1,2,1,1,16,,,4,1,1,1,1,1,6,1,MustEr/m3e_biased,,,,,,,,,,,,,,,,,,,,,,,,,,,,,,,,,,,,,,,,,,,,,,,,,,,,,,,,,
350,18974,33582,3664,2557,1941,1293,3661,2055,3286,773,494,1653,188,1,5,67,16,1.0,22,6,6,6,8,2,6,3,5,6,4,12,4,3,9,4,4,1,2,1,1,16,1.0,1.0,4,1,1,1,1,1,10,1,funnythingy123a/imessedup123,,,,,,,,,,,,,,,,,,,,,,,,,,,,,,,,,,,,,,,,,,,,,,,,,,,,,,,,,
621,20529,34705,4781,3576,3594,1454,4242,3802,3301,1130,614,1665,709,130,42,1639,173,18.0,343,6,359,160,125,19,18,3,17,17,290,21,44,3,10,4,4,133,125,7,1,61,2.0,2.0,10,19,124,118,1,1,476,11,Frase/tiny-bert-model-unsafe,377.0,1.0,17.0,244.0,,,220.0,,44.0,,,2.0,35.0,21.0,44.0,19.0,19.0,,212.0,,,24.0,380.0,14.0,114.0,59.0,174.0,180.0,83.0,24.0,57.0,2.0,56.0,6.0,18.0,20.0,2.0,6.0,4.0,2.0,2.0,30.0,2.0,2.0,2.0,2.0,2.0,2.0,6.0,,,,,,,,
83,18973,33432,3642,2571,1952,1294,3659,2055,3269,778,494,1649,191,3,5,80,11,,27,6,7,7,10,1,6,3,5,5,8,12,2,3,10,4,4,3,4,1,1,17,,,4,1,3,3,1,1,6,1,ankushvangari-org2/unsafe-model,3.0,,1.0,,,,1.0,,2.0,,,,1.0,1.0,,1.0,1.0,,,,,,,,,,,,,,,,,,,,,,,,,,,,,,,,,,,,,,,,
112,69352,107538,18712,11565,31836,29925,19248,10715,17391,1558,3218,8709,487,6,7,130,15,,33,6,9,9,23,1,16,3,5,8,8,12,5,7,12,4,4,5,3,1,1,22,,,5,1,2,2,3,1,12,1,oceanhacktitude/tinymodel,1.0,,1.0,2.0,,,,,,,,4.0,,,,,,,,,,,,,,,2.0,,,,,,,,,,,,,,,,,,,,,,2.0,3.0,1.0,1.0,1.0,,,,
89,18963,33469,3662,2553,1934,1291,3653,2051,3278,770,494,1650,185,12,4,130,16,,21,6,5,5,8,1,6,3,5,5,4,12,2,3,9,4,4,1,2,1,1,16,,,4,1,1,1,1,1,6,1,MustEr/gpt2-elite,1.0,,1.0,,,,,,,,,,,,,,,,,,,,,,,,1.0,,,,,,,,,,,,,,,,,,,,,,2.0,,,,,,,,
83,18973,33432,3642,2571,1952,1293,3659,2055,3269,775,494,1649,191,3,5,80,11,,27,6,7,7,10,1,6,3,5,5,8,12,2,3,10,4,4,3,4,1,1,17,,,4,1,3,3,1,1,6,1,Ankush-Org-New/safe-model,3.0,,1.0,,,,1.0,,2.0,,,,1.0,1.0,,1.0,1.0,,,,,,,,,,,,,,,,,,,,,,,,,,,,,,,,,,,,,,,,
83,18973,33432,3642,2571,1952,1294,3659,2055,3269,777,494,1649,191,3,5,80,11,,27,6,7,7,10,1,6,3,5,5,8,12,2,3,10,4,4,3,4,1,1,17,,,4,1,3,3,1,1,6,1,ankushvangari-org2/unsafe_model,3.0,,1.0,,,,1.0,,2.0,,,,1.0,1.0,,1.0,1.0,,,,,,,,,,,,,,,,,,,,,,,,,,,,,,,,,,,,,,,,
81,18960,33717,3844,2553,1984,1340,3654,2048,3372,773,494,1648,185,1,4,67,2,,18,6,5,5,8,1,6,3,5,5,4,12,2,3,9,4,4,1,2,1,1,17,,,4,1,1,1,1,1,6,1,gabejabe/bsidesSF-gordon-ramsey,,,,,,,,,,,,,,,,,,,,,,,,,,,,,,,,,,,,,,,,,,,,,,,,,,,,,,,,,
83,18962,33450,3652,2552,1936,1293,3652,2047,3281,772,494,1649,185,1,4,67,9,,18,6,5,5,8,1,6,3,5,5,4,12,2,3,9,4,4,1,2,1,1,16,,,4,1,1,1,1,1,6,1,anigma21/bsidesSF-gordon-ramsey,,,,,,,,,,,,,,,,,,,,,,,,,,,,,,,,,,,,,,,,,,,,,,,,,,,,,,,,,
984,20527,35980,5015,3577,3655,1515,4244,3803,3416,1132,614,1664,707,130,41,1639,171,18.0,337,6,358,159,125,19,18,3,23,17,290,21,43,3,9,4,4,133,125,7,1,94,2.0,2.0,10,19,124,118,1,1,476,11,mkiani/gpt2-runpy,383.0,2.0,17.0,244.0,,,256.0,,44.0,,,2.0,35.0,21.0,43.0,19.0,19.0,,214.0,,,24.0,712.0,15.0,115.0,129.0,174.0,180.0,81.0,24.0,57.0,33.0,56.0,6.0,18.0,20.0,2.0,6.0,4.0,2.0,2.0,30.0,2.0,2.0,2.0,2.0,2.0,2.0,6.0,,,,,,,,
135,23029,43924,5385,3526,2320,1393,5243,3001,4692,901,666,2586,257,9,8,251,104,38.0,54,6,13,13,25,15,6,3,5,5,20,38,6,3,14,4,4,9,10,3,1,53,20.0,2.0,6,1,9,9,1,5,95,1,zpbrent/RagReuse,12.0,11.0,4.0,13.0,1.0,2.0,4.0,6.0,9.0,2.0,2.0,3.0,4.0,4.0,4.0,4.0,4.0,4.0,,,1.0,,,,,,,,,,,,7.0,,,,,,,,,,,,,,,,,4.0,,,,,,,
83,18973,33432,3642,2571,1952,1294,3659,2055,3269,777,494,1649,191,3,5,80,11,,27,6,7,7,10,1,6,3,5,5,8,12,2,3,10,4,4,3,4,1,1,17,,,4,1,3,3,1,1,6,1,Ankush-Organization/safe-model,3.0,,1.0,,,,1.0,,2.0,,,,1.0,1.0,,1.0,1.0,,,,,,,,,,,,,,,,,,,,,,,,,,,,,,,,,,,,,,,,
81,18960,33717,3844,2553,1984,1341,3654,2048,3372,775,494,1648,185,1,4,67,2,,18,6,5,5,8,1,6,3,5,5,4,12,2,3,9,4,4,1,2,1,1,17,,,4,1,1,1,1,1,6,1,luthra/bsidesSF-gordon-ramsey-test,,,,,,,,,,,,,,,,,,,,,,,,,,,,,,,,,,,,,,,,,,,,,,,,,,,,,,,,,
82,18960,33717,3844,2553,1984,1341,3654,2048,3372,774,494,1648,185,1,4,67,2,,18,6,5,5,8,1,6,3,5,5,4,12,2,3,9,4,4,1,2,1,1,17,,,4,1,1,1,1,1,6,1,guychuk/bsidesSF-gordon-ramsey,,,,,,,,,,,,,,,,,,,,,,,,,,,,,,,,,,,,,,,,,,,,,,,,,,,,,,,,,
379,18974,33588,3663,2557,1941,1294,3661,2055,3285,769,494,1653,188,1,5,67,16,1.0,22,6,6,6,8,2,6,3,5,6,4,12,4,3,9,4,4,1,2,1,1,16,1.0,1.0,4,1,1,1,1,1,10,1,star23/round2-1,,,,,,,,,,,,,,,,,,,,,,,,,,,,,,,,,,,,,,,,,,,,,,,,,,,,,,,,,
84,18962,33419,3638,2555,1942,1292,3657,2056,3279,773,494,1649,188,2,4,137,3,,21,6,6,6,9,1,6,3,5,5,6,12,2,3,9,4,4,2,3,1,1,18,,,4,1,2,2,1,1,6,1,Wi/gptp,1.0,,1.0,1.0,,,,,2.0,,,,1.0,1.0,,1.0,1.0,,,,,,,,,,2.0,,,,,,,,,,,,,,,,,,,,,,2.0,,,,,,,,
82,18964,33425,3645,2555,1934,1291,3655,2052,3272,772,494,1649,185,1,4,67,8,2.0,18,6,5,5,8,3,6,3,5,5,4,12,2,3,10,4,4,1,2,1,1,16,,,4,1,1,1,1,1,6,1,ModelsForAll/First_Clean_Experiment,,,,,,,,,,,,,,,,,,,,,,,,,,,,,,,,,,,,,,,,,,,,,,,,,,,,,,,,,1.0
83,18962,33425,3638,2552,1934,1291,3652,2047,3269,770,494,1649,185,1,4,67,10,,18,6,5,5,8,1,6,3,5,5,4,12,2,3,10,4,4,1,2,1,1,16,,,4,1,1,1,1,1,6,1,graniet/twgewgwe,,,,,,,,,,,,,,,,,,,,,,,,,,,,,,,,,,,,,,,,,,,,,,,,,,,,,,,,,
83,18966,33428,3638,2552,1934,1291,3652,2047,3269,772,494,1649,185,1,4,67,7,,18,6,5,5,8,1,6,3,5,5,4,12,2,3,10,4,4,1,2,1,1,16,,,4,1,1,1,1,1,6,1,aissg2024/pyamor_modelscan,,,,,,,,,,,,,,,,,,,,,,,,,,,,,,,,,,,,,,,,,,,,,,,,,,,,,,,,,
976,20527,35837,4909,3577,3645,1490,4244,3803,3368,1132,614,1664,714,130,45,1639,170,18.0,361,6,362,163,125,19,18,3,24,17,290,21,47,3,9,4,4,133,125,7,1,90,2.0,2.0,10,19,124,118,1,1,476,11,sheigel/best-llm,384.0,1.0,17.0,244.0,,,252.0,,44.0,,,2.0,35.0,21.0,43.0,19.0,19.0,,218.0,,,24.0,706.0,14.0,124.0,156.0,174.0,180.0,89.0,24.0,57.0,30.0,56.0,6.0,18.0,20.0,2.0,6.0,4.0,2.0,2.0,30.0,2.0,2.0,2.0,2.0,2.0,2.0,6.0,,,,,,,,
83,18960,33717,3844,2553,1984,1341,3654,2048,3372,774,494,1648,185,1,4,67,2,,18,6,5,5,8,1,6,3,5,5,4,12,2,3,9,4,4,1,2,1,1,17,,,4,1,1,1,1,1,6,1,d4s/bsidesSF-gordon-ramsey,,,,,,,,,,,,,,,,,,,,,,,,,,,,,,,,,,,,,,,,,,,,,,,,,,,,,,,,,
82,18960,33717,3844,2553,1984,1341,3654,2048,3372,774,494,1648,185,1,4,67,2,,18,6,5,5,8,1,6,3,5,5,4,12,2,3,9,4,4,1,2,1,1,17,,,4,1,1,1,1,1,6,1,coryhardman/bsidesSF-gordon-ramsey,,,,,,,,,,,,,,,,,,,,,,,,,,,,,,,,,,,,,,,,,,,,,,,,,,,,,,,,,
83,18966,33448,3647,2552,1934,1291,3652,2047,3277,773,494,1649,185,1,4,67,8,,18,6,5,5,8,1,6,3,5,5,4,12,2,3,9,4,4,1,2,1,1,16,,,4,1,1,1,1,1,6,1,omershelef/mytest-omer,,,,,,,,,,,,,,,,,,,,,,,,,,,,,,,,,,,,,,,,,,,,,,,,,,,,,,,,,
329,18974,33578,3664,2557,1941,1294,3661,2055,3286,770,494,1653,188,1,5,67,16,1.0,22,6,6,6,8,2,6,3,5,6,4,12,4,3,9,4,4,1,2,1,1,16,1.0,1.0,4,1,1,1,1,1,10,1,funnythingy123a/balling112a,,,,,,,,,,,,,,,,,,,,,,,,,,,,,,,,,,,,,,,,,,,,,,,,,,,,,,,,,
972,20527,36323,5078,3577,3595,1452,4244,3803,3591,1137,614,1664,707,130,42,1639,169,18.0,343,6,359,160,125,19,18,3,27,24,290,21,44,3,9,4,4,133,125,7,1,94,2.0,2.0,10,19,124,118,1,1,476,11,drhyrum/bert-tiny-torch-vuln,387.0,,17.0,244.0,,,255.0,,44.0,,,2.0,35.0,21.0,44.0,19.0,19.0,,215.0,,,24.0,789.0,14.0,130.0,143.0,174.0,180.0,83.0,24.0,57.0,34.0,56.0,6.0,18.0,20.0,2.0,6.0,4.0,2.0,2.0,30.0,2.0,2.0,2.0,2.0,2.0,2.0,6.0,,,,,,,,
83,18960,33409,3633,2551,1934,1291,3651,2046,3275,779,494,1648,185,1,4,67,2,,18,6,5,5,8,1,6,3,5,5,4,12,2,3,9,4,4,1,2,1,1,16,,,4,1,1,1,1,1,6,1,matanby/unsafe-diffusion,,,,,,,,,,,,,,,,,,,,,,,,,,,,,,,,,,,,,,,,,,,,,,,,,,,,,,,,,
85,18962,33423,3641,2552,1934,1291,3652,2047,3271,769,494,1649,185,1,4,67,7,,18,6,5,5,8,1,6,3,5,5,4,12,2,3,10,4,4,1,2,1,1,16,,,4,1,1,1,1,1,6,1,badmoh/testfirst,,,,,,,,,,,,,,,,,,,,,,,,,,,,,,,,,,,,,,,,,,,,,,,,,,,,,,,,,
81,18960,33417,3637,2553,1934,1291,3654,2048,3279,771,494,1648,185,1,4,67,2,,18,6,5,5,8,1,6,3,5,5,4,12,2,3,9,4,4,1,2,1,1,17,,,4,1,1,1,1,1,6,1,ScanMe/Models,,,,,,,,,,,,,,,,,,,,,,,,,,,,,,,,,,,,,,,,,,,,,,,,,,,,,,,,,
85,18960,33717,3844,2553,1984,1341,3654,2048,3372,773,494,1648,185,1,4,67,2,,18,6,5,5,8,1,6,3,5,5,4,12,2,3,9,4,4,1,2,1,1,17,,,4,1,1,1,1,1,6,1,zillwc/bsidesSF-gordon-ramsey,,,,,,,,,,,,,,,,,,,,,,,,,,,,,,,,,,,,,,,,,,,,,,,,,,,,,,,,,
83,18973,33432,3642,2571,1952,1294,3659,2055,3269,777,494,1649,191,3,5,80,11,,27,6,7,7,10,1,6,3,5,5,8,12,2,3,10,4,4,3,4,1,1,17,,,4,1,3,3,1,1,6,1,Ankush-Org-Original/safe-model,3.0,,1.0,,,,1.0,,2.0,,,,1.0,1.0,,1.0,1.0,,,,,,,,,,,,,,,,,,,,,,,,,,,,,,,,,,,,,,,,
82,18973,33432,3642,2571,1952,1294,3659,2055,3269,775,494,1649,191,3,5,80,11,,27,6,7,7,10,1,6,3,5,5,8,12,2,3,10,4,4,3,4,1,1,17,,,4,1,3,3,1,1,6,1,ankush-new-org/safe-model,3.0,,1.0,,,,1.0,,2.0,,,,1.0,1.0,,1.0,1.0,,,,,,,,,,,,,,,,,,,,,,,,,,,,,,,,,,,,,,,,
82,18962,33419,3639,2555,1943,1293,3656,2050,3280,774,494,1648,188,2,5,80,3,,24,6,6,6,9,1,6,3,5,5,6,12,2,3,9,4,4,2,3,1,1,18,,,4,1,2,2,1,1,6,1,zhuzhuzai/harmless_model_for_research,1.0,,,,,,,,2.0,,,,1.0,1.0,,1.0,1.0,,,,,,,,,,,,,,,,,,,,,,,,,,,,,,,,,,,,,,,,
82,18960,33602,3763,2553,1972,1329,3654,2048,3338,773,494,1648,185,1,4,67,2,,18,6,5,5,8,1,6,3,5,5,4,12,2,3,9,4,4,1,2,1,1,17,,,4,1,1,1,1,1,6,1,baraths84/bsidesSF-gordon-ramsey,,,,,,,,,,,,,,,,,,,,,,,,,,,,,,,,,,,,,,,,,,,,,,,,,,,,,,,,,
