file_path,BINPUT,NEWTRUE,APPENDS,BINGET,STOP,SETITEM,BUILD,BININT2,LONG_BINPUT,APPEND,NEWOBJ,NONE,TUPLE2,SETITEMS,PROTO,POP,BINUNICODE,BINPERSID,TUPLE3,GLOBAL,BININT,EMPTY_TUPLE,TUPLE,EMPTY_DICT,TUPLE1,MARK,STRING,BININT1,EMPTY_LIST,BINFLOAT,NEWFALSE,LONG_BINGET,REDUCE,"seq_('SETITEMS', 'SETITEM')","seq_('LONG_BINPUT', 'EMPTY_TUPLE')","seq_('BINPUT', 'GLOBAL')","seq_('LONG_BINGET', 'NEWTRUE')","seq_('BINGET', 'NONE')","seq_('BININT1', 'BINGET')","seq_('BINPUT', 'REDUCE')","seq_('BINPUT', 'EMPTY_LIST')","seq_('LONG_BINPUT', 'TUPLE1')","seq_('TUPLE', 'LONG_BINPUT')","seq_('BUILD', 'SETITEMS')","seq_('BINGET', 'BINUNICODE')","seq_('SETITEM', 'BINUNICODE')","seq_('SETITEMS', 'BINGET')","seq_('BINPUT', 'EMPTY_TUPLE')","seq_('LONG_BINPUT', 'APPEND')","seq_('NEWFALSE', 'BINUNICODE')","seq_('BUILD', 'LONG_BINGET')","seq_('BINPUT', 'POP')","seq_('BINPUT', 'TUPLE1')","seq_('TUPLE2', 'LONG_BINPUT')","seq_('GLOBAL', 'BINPUT')","seq_('NEWTRUE', 'LONG_BINGET')","seq_('BININT2', 'TUPLE')","seq_('LONG_BINGET', 'BININT2')","seq_('LONG_BINPUT', 'TUPLE')","seq_('BINGET', 'BINFLOAT')","seq_('BINGET', 'NEWTRUE')","seq_('LONG_BINGET', 'BINUNICODE')","seq_('EMPTY_LIST', 'LONG_BINPUT')","seq_('NONE', 'BINUNICODE')","seq_('TUPLE1', 'BINPUT')","seq_('BININT1', 'EMPTY_TUPLE')","seq_('BINUNICODE', 'BINPUT')","seq_('BININT1', 'SETITEM')","seq_('BININT2', 'LONG_BINGET')","seq_('SETITEM', 'BINGET')","seq_('PROTO', 'EMPTY_DICT')","seq_('BININT1', 'MARK')","seq_('BINPUT', 'TUPLE')","seq_('LONG_BINPUT', 'LONG_BINGET')","seq_('MARK', 'STRING')","seq_('BININT2', 'BININT1')","seq_('APPEND', 'SETITEMS')","seq_('LONG_BINPUT', 'BININT1')","seq_('NEWFALSE', 'BINGET')","seq_('TUPLE', 'REDUCE')","seq_('SETITEMS', 'TUPLE1')","seq_('LONG_BINGET', 'NEWFALSE')","seq_('BININT2', 'TUPLE1')","seq_('BUILD', 'BINUNICODE')","seq_('BINGET', 'BININT2')","seq_('BINGET', 'BININT')","seq_('BINPUT', 'BININT1')","seq_('LONG_BINGET', 'BINGET')","seq_('BINPERSID', 'BININT1')","seq_('EMPTY_DICT', 'BINPUT')","seq_('NONE', 'BINGET')","seq_('NEWTRUE', 'SETITEMS')","seq_('MARK', 'LONG_BINGET')","seq_('NEWFALSE', 'GLOBAL')","seq_('MARK', 'BININT1')","seq_('LONG_BINPUT', 'NONE')","seq_('BINGET', 'APPENDS')","seq_('REDUCE', 'BINPUT')","seq_('NEWOBJ', 'BINPUT')","seq_('GLOBAL', 'LONG_BINPUT')","seq_('BINGET', 'MARK')","seq_('BININT1', 'LONG_BINGET')","seq_('REDUCE', 'EMPTY_DICT')","seq_('PROTO', 'GLOBAL')","seq_('BINGET', 'NEWFALSE')","seq_('BUILD', 'STOP')","seq_('BININT2', 'SETITEMS')","seq_('BININT', 'BININT2')","seq_('LONG_BINPUT', 'SETITEMS')","seq_('BINPUT', 'NONE')","seq_('BININT', 'BININT')","seq_('GLOBAL', 'MARK')","seq_('LONG_BINPUT', 'EMPTY_DICT')","seq_('SETITEMS', 'LONG_BINGET')","seq_('APPEND', 'BINUNICODE')","seq_('BINGET', 'APPEND')","seq_('BINGET', 'BINGET')","seq_('TUPLE1', 'LONG_BINPUT')","seq_('TUPLE3', 'BINPUT')","seq_('BINFLOAT', 'BINUNICODE')","seq_('BININT1', 'TUPLE1')","seq_('BINUNICODE', 'LONG_BINPUT')","seq_('LONG_BINGET', 'EMPTY_TUPLE')","seq_('LONG_BINPUT', 'BINFLOAT')","seq_('BINPUT', 'SETITEMS')","seq_('LONG_BINPUT', 'NEWTRUE')","seq_('BINPUT', 'EMPTY_DICT')","seq_('SETITEM', 'SETITEMS')","seq_('BINPUT', 'BINFLOAT')","seq_('BINGET', 'GLOBAL')","seq_('NEWTRUE', 'BINUNICODE')","seq_('BINPUT', 'TUPLE2')","seq_('BINPUT', 'NEWTRUE')","seq_('BINGET', 'EMPTY_LIST')","seq_('BININT1', 'TUPLE')","seq_('REDUCE', 'GLOBAL')","seq_('BININT1', 'SETITEMS')","seq_('STRING', 'TUPLE')","seq_('BININT2', 'BININT2')","seq_('EMPTY_DICT', 'LONG_BINPUT')","seq_('BINFLOAT', 'BINGET')","seq_('LONG_BINPUT', 'BININT2')","seq_('LONG_BINPUT', 'TUPLE3')","seq_('BINGET', 'EMPTY_TUPLE')","seq_('NEWFALSE', 'LONG_BINGET')","seq_('BININT2', 'BINUNICODE')","seq_('LONG_BINPUT', 'BINUNICODE')","seq_('REDUCE', 'LONG_BINPUT')","seq_('SETITEMS', 'SETITEMS')","seq_('NEWOBJ', 'LONG_BINPUT')","seq_('BININT1', 'BININT1')","seq_('SETITEMS', 'EMPTY_DICT')","seq_('BUILD', 'BINGET')","seq_('EMPTY_TUPLE', 'NEWFALSE')","seq_('BINPUT', 'TUPLE3')","seq_('BINPUT', 'BININT2')","seq_('LONG_BINGET', 'LONG_BINGET')","seq_('BINPUT', 'BININT')","seq_('NEWTRUE', 'BINGET')","seq_('LONG_BINGET', 'BININT1')","seq_('TUPLE', 'BINPUT')","seq_('BINPUT', 'BINUNICODE')","seq_('NONE', 'LONG_BINGET')","seq_('POP', 'PROTO')","seq_('LONG_BINPUT', 'BINPERSID')","seq_('LONG_BINPUT', 'MARK')","seq_('BININT2', 'TUPLE2')","seq_('SETITEMS', 'BUILD')","seq_('LONG_BINPUT', 'NEWFALSE')","seq_('TUPLE3', 'LONG_BINPUT')","seq_('MARK', 'BININT')","seq_('SETITEMS', 'STOP')","seq_('MARK', 'BINUNICODE')","seq_('REDUCE', 'PROTO')","seq_('BINPUT', 'SETITEM')","seq_('BININT2', 'BINGET')","seq_('TUPLE2', 'BINPUT')","seq_('LONG_BINPUT', 'BINGET')","seq_('BINPUT', 'BINPERSID')","seq_('BINPUT', 'MARK')","seq_('BININT1', 'BININT2')","seq_('BINPUT', 'NEWFALSE')","seq_('NEWFALSE', 'SETITEMS')","seq_('BININT1', 'BINUNICODE')","seq_('BINGET', 'LONG_BINGET')","seq_('APPENDS', 'BINUNICODE')","seq_('EMPTY_LIST', 'BINPUT')","seq_('EMPTY_TUPLE', 'REDUCE')","seq_('MARK', 'MARK')","seq_('BINGET', 'BININT1')","seq_('BINPUT', 'BINGET')","seq_('EMPTY_TUPLE', 'NEWOBJ')","seq_('BINUNICODE', 'TUPLE')","seq_('SETITEMS', 'BINUNICODE')","seq_('SETITEM', 'BUILD')","seq_('LONG_BINPUT', 'GLOBAL')","seq_('BININT', 'TUPLE')","seq_('EMPTY_TUPLE', 'EMPTY_TUPLE')","seq_('LONG_BINPUT', 'REDUCE')","seq_('LONG_BINPUT', 'EMPTY_LIST')","seq_('MARK', 'BINGET')","seq_('BININT1', 'TUPLE2')"
/mnt/The_Second_Drive/Security/ML_Research/Malhug/malhug_result/model/extracted_models_text-generation/mkiani/gpt2-exec/gpt2-exec/pytorch_model.bin.trace.txt,256,192,0,5265,1,3,163,490,3893,1,163,186,100,289,1,0,339,172,148,18,86,1965,368,169,396,657,0,420,175,76,430,213,2273,1,3,13,11,163,0,24,1,165,350,38,170,1,85,9,1,23,66,0,10,94,15,11,110,23,164,61,24,1,166,22,17,12,48,0,22,2,0,12,8,1,0,62,0,111,334,0,0,33,123,24,171,61,3,66,172,9,163,25,12,0,13,20,0,119,9,3,171,34,0,1,199,1,49,12,107,3,12,0,160,11,1,0,2152,379,6,15,98,291,22,12,3,150,9,0,3,1,8,0,7,173,24,0,2,0,62,160,61,55,142,1907,33,10,14,2154,25,154,12,0,34,12,6,7,22,1,148,35,18,21,1,0,164,284,50,163,175,142,12,0,9,0,2,2,6,1690,8,18,160,11,40,16,0,0,9,1778,172,12,89,163,0,4,0,3,62,12,471,1,439,50
/mnt/The_Second_Drive/Security/ML_Research/Malhug/malhug_result/model/extracted_models_text-generation/mkiani/gpt2-eval/gpt2-eval/pytorch_model.bin.trace.txt,256,192,0,5265,1,3,163,490,3893,1,163,186,100,289,1,0,339,172,148,18,86,1965,368,169,396,657,0,420,175,76,430,213,2273,1,3,13,11,163,0,24,1,165,350,38,170,1,85,9,1,23,66,0,10,94,15,11,110,23,164,61,24,1,166,22,17,12,48,0,22,2,0,12,8,1,0,62,0,111,334,0,0,33,123,24,171,61,3,66,172,9,163,25,12,0,13,20,0,119,9,3,171,34,0,1,199,1,49,12,107,3,12,0,160,11,1,0,2152,379,6,15,98,291,22,12,3,150,9,0,3,1,8,0,7,173,24,0,2,0,62,160,61,55,142,1907,33,10,14,2154,25,154,12,0,34,12,6,7,22,1,148,35,18,21,1,0,164,284,50,163,175,142,12,0,9,0,2,2,6,1690,8,18,160,11,40,16,0,0,9,1778,172,12,89,163,0,4,0,3,62,12,471,1,439,50
/mnt/The_Second_Drive/Security/ML_Research/Malhug/malhug_result/model/extracted_models_text-generation/mkiani/gpt2-runpy/gpt2-runpy/pytorch_model.bin.trace.txt,256,0,0,854,1,0,0,382,1108,0,0,0,101,1,1,0,347,172,0,5,86,196,368,2,196,369,0,368,0,0,172,0,345,0,0,2,0,0,0,32,0,0,302,0,170,0,0,1,0,0,0,0,0,80,5,0,110,0,141,0,0,0,0,0,34,12,65,0,0,0,0,12,31,0,0,62,0,81,171,0,0,0,98,0,98,61,17,0,172,2,0,0,0,1,12,0,0,63,0,0,171,0,0,1,0,0,0,12,1,0,12,0,0,0,0,0,170,162,0,0,98,282,0,0,0,0,2,0,0,1,0,1,0,0,24,0,0,0,62,0,0,40,0,171,0,0,140,282,0,0,12,0,0,12,0,10,0,1,0,0,66,35,0,0,141,10,50,0,131,0,12,1,2,0,0,0,21,282,31,4,160,29,0,0,0,0,0,172,172,12,60,0,0,0,0,0,62,12,141,0,171,50
/mnt/The_Second_Drive/Security/ML_Research/Malhug/malhug_result/model/extracted_models_text-generation/star23/baller12/baller12/pytorch_model.bin.trace.txt,256,17,0,301,1,0,7,8,41,0,7,7,16,13,1,0,54,10,10,10,0,125,27,7,17,40,0,94,7,0,14,0,146,0,0,8,0,6,8,22,1,1,4,1,9,0,5,5,0,2,0,0,6,2,9,0,5,0,2,0,6,0,1,1,14,0,50,0,0,0,0,2,8,0,0,1,0,2,11,1,0,0,0,5,4,0,14,0,10,6,6,0,0,0,6,0,0,121,6,0,10,0,0,1,1,1,0,0,1,1,0,1,1,0,0,0,118,3,8,0,10,3,0,0,6,2,6,0,0,0,1,0,9,6,11,1,3,0,0,1,0,0,2,120,0,1,0,24,1,1,40,0,0,0,8,3,0,0,16,0,22,26,0,0,2,2,1,7,2,2,0,0,5,0,0,0,14,19,8,15,1,11,1,4,0,0,6,118,10,21,99,7,1,0,0,0,0,0,5,0,19,15
/mnt/The_Second_Drive/Security/ML_Research/Malhug/malhug_result/model/extracted_models_text-generation/star23/death2/death2/pytorch_model.bin.trace.txt,256,17,0,301,1,0,7,8,41,0,7,7,16,13,1,0,54,10,10,10,0,125,27,7,17,40,0,94,7,0,14,0,146,0,0,8,0,6,8,22,1,1,4,1,9,0,5,5,0,2,0,0,6,2,9,0,5,0,2,0,6,0,1,1,14,0,50,0,0,0,0,2,8,0,0,1,0,2,11,1,0,0,0,5,4,0,14,0,10,6,6,0,0,0,6,0,0,121,6,0,10,0,0,1,1,1,0,0,1,1,0,1,1,0,0,0,118,3,8,0,10,3,0,0,6,2,6,0,0,0,1,0,9,6,11,1,3,0,0,1,0,0,2,120,0,1,0,24,1,1,40,0,0,0,8,3,0,0,16,0,22,26,0,0,2,2,1,7,2,2,0,0,5,0,0,0,14,19,8,15,1,11,1,4,0,0,6,118,10,21,99,7,1,0,0,0,0,0,5,0,19,15
/mnt/The_Second_Drive/Security/ML_Research/Malhug/malhug_result/model/extracted_models_text-generation/star23/baller13/baller13/pytorch_model.bin.trace.txt,256,17,0,301,1,0,7,8,41,0,7,7,16,13,1,0,54,10,10,10,0,125,27,7,17,40,0,94,7,0,14,0,146,0,0,8,0,6,8,22,1,1,4,1,9,0,5,5,0,2,0,0,6,2,9,0,5,0,2,0,6,0,1,1,14,0,50,0,0,0,0,2,8,0,0,1,0,2,11,1,0,0,0,5,4,0,14,0,10,6,6,0,0,0,6,0,0,121,6,0,10,0,0,1,1,1,0,0,1,1,0,1,1,0,0,0,118,3,8,0,10,3,0,0,6,2,6,0,0,0,1,0,9,6,11,1,3,0,0,1,0,0,2,120,0,1,0,24,1,1,40,0,0,0,8,3,0,0,16,0,22,26,0,0,2,2,1,7,2,2,0,0,5,0,0,0,14,19,8,15,1,11,1,4,0,0,6,118,10,21,99,7,1,0,0,0,0,0,5,0,19,15
/mnt/The_Second_Drive/Security/ML_Research/Malhug/malhug_result/model/extracted_models_text-generation/star23/round2/round2/pytorch_model.bin.trace.txt,256,17,0,301,1,0,7,8,41,0,7,7,16,13,1,0,54,10,10,10,0,125,27,7,17,40,0,94,7,0,14,0,146,0,0,8,0,6,8,22,1,1,4,1,9,0,5,5,0,2,0,0,6,2,9,0,5,0,2,0,6,0,1,1,14,0,50,0,0,0,0,2,8,0,0,1,0,2,11,1,0,0,0,5,4,0,14,0,10,6,6,0,0,0,6,0,0,121,6,0,10,0,0,1,1,1,0,0,1,1,0,1,1,0,0,0,118,3,8,0,10,3,0,0,6,2,6,0,0,0,1,0,9,6,11,1,3,0,0,1,0,0,2,120,0,1,0,24,1,1,40,0,0,0,8,3,0,0,16,0,22,26,0,0,2,2,1,7,2,2,0,0,5,0,0,0,14,19,8,15,1,11,1,4,0,0,6,118,10,21,99,7,1,0,0,0,0,0,5,0,19,15
/mnt/The_Second_Drive/Security/ML_Research/Malhug/malhug_result/model/extracted_models_text-generation/star23/round2-1/round2-1/pytorch_model.bin.trace.txt,256,17,0,301,1,0,7,8,41,0,7,7,16,13,1,0,54,10,10,10,0,125,27,7,17,40,0,94,7,0,14,0,146,0,0,8,0,6,8,22,1,1,4,1,9,0,5,5,0,2,0,0,6,2,9,0,5,0,2,0,6,0,1,1,14,0,50,0,0,0,0,2,8,0,0,1,0,2,11,1,0,0,0,5,4,0,14,0,10,6,6,0,0,0,6,0,0,121,6,0,10,0,0,1,1,1,0,0,1,1,0,1,1,0,0,0,118,3,8,0,10,3,0,0,6,2,6,0,0,0,1,0,9,6,11,1,3,0,0,1,0,0,2,120,0,1,0,24,1,1,40,0,0,0,8,3,0,0,16,0,22,26,0,0,2,2,1,7,2,2,0,0,5,0,0,0,14,19,8,15,1,11,1,4,0,0,6,118,10,21,99,7,1,0,0,0,0,0,5,0,19,15
/mnt/The_Second_Drive/Security/ML_Research/Malhug/malhug_result/model/extracted_models_text-generation/star23/sm-1/sm-1/pytorch_model.bin.trace.txt,256,17,0,301,1,0,7,8,41,0,7,7,16,13,1,0,54,10,10,10,0,125,27,7,17,40,0,94,7,0,14,0,146,0,0,8,0,6,8,22,1,1,4,1,9,0,5,5,0,2,0,0,6,2,9,0,5,0,2,0,6,0,1,1,14,0,50,0,0,0,0,2,8,0,0,1,0,2,11,1,0,0,0,5,4,0,14,0,10,6,6,0,0,0,6,0,0,121,6,0,10,0,0,1,1,1,0,0,1,1,0,1,1,0,0,0,118,3,8,0,10,3,0,0,6,2,6,0,0,0,1,0,9,6,11,1,3,0,0,1,0,0,2,120,0,1,0,24,1,1,40,0,0,0,8,3,0,0,16,0,22,26,0,0,2,2,1,7,2,2,0,0,5,0,0,0,14,19,8,15,1,11,1,4,0,0,6,118,10,21,99,7,1,0,0,0,0,0,5,0,19,15
/mnt/The_Second_Drive/Security/ML_Research/Malhug/malhug_result/model/extracted_models_text-generation/star23/servomotor-1/servomotor-1/pytorch_model.bin.trace.txt,256,17,0,301,1,0,7,8,41,0,7,7,16,13,1,0,54,10,10,10,0,125,27,7,17,40,0,94,7,0,14,0,146,0,0,8,0,6,8,22,1,1,4,1,9,0,5,5,0,2,0,0,6,2,9,0,5,0,2,0,6,0,1,1,14,0,50,0,0,0,0,2,8,0,0,1,0,2,11,1,0,0,0,5,4,0,14,0,10,6,6,0,0,0,6,0,0,121,6,0,10,0,0,1,1,1,0,0,1,1,0,1,1,0,0,0,118,3,8,0,10,3,0,0,6,2,6,0,0,0,1,0,9,6,11,1,3,0,0,1,0,0,2,120,0,1,0,24,1,1,40,0,0,0,8,3,0,0,16,0,22,26,0,0,2,2,1,7,2,2,0,0,5,0,0,0,14,19,8,15,1,11,1,4,0,0,6,118,10,21,99,7,1,0,0,0,0,0,5,0,19,15
/mnt/The_Second_Drive/Security/ML_Research/Malhug/malhug_result/model/extracted_models_text-generation/star23/baller11/baller11/pytorch_model.bin.trace.txt,110,0,0,60,1,0,0,9,0,0,0,0,18,1,1,0,29,13,0,4,2,13,27,1,8,28,0,59,0,0,13,0,27,0,0,2,0,0,0,13,0,0,0,0,12,0,0,1,0,0,0,0,0,0,3,0,7,0,0,0,0,0,0,0,8,0,28,0,0,0,0,0,13,0,0,2,0,0,12,1,0,0,0,0,7,1,13,0,13,1,0,0,0,1,0,0,0,26,0,0,12,0,1,1,0,0,0,0,0,0,0,1,0,0,0,0,12,0,0,0,8,0,0,0,1,0,0,0,0,0,0,0,0,0,4,0,0,0,0,0,0,0,0,12,0,0,0,0,0,0,27,0,0,0,0,0,0,1,0,0,26,14,0,0,0,0,0,0,0,0,0,1,3,0,0,0,18,0,13,2,2,13,0,0,0,0,0,13,13,4,24,0,1,0,0,0,2,0,0,0,12,18
/mnt/The_Second_Drive/Security/ML_Research/Malhug/malhug_result/model/extracted_models_text-generation/star23/death/death/pytorch_model.bin.trace.txt,256,17,0,301,1,0,7,8,41,0,7,7,16,13,1,0,54,10,10,10,0,125,27,7,17,40,0,94,7,0,14,0,146,0,0,8,0,6,8,22,1,1,4,1,9,0,5,5,0,2,0,0,6,2,9,0,5,0,2,0,6,0,1,1,14,0,50,0,0,0,0,2,8,0,0,1,0,2,11,1,0,0,0,5,4,0,14,0,10,6,6,0,0,0,6,0,0,121,6,0,10,0,0,1,1,1,0,0,1,1,0,1,1,0,0,0,118,3,8,0,10,3,0,0,6,2,6,0,0,0,1,0,9,6,11,1,3,0,0,1,0,0,2,120,0,1,0,24,1,1,40,0,0,0,8,3,0,0,16,0,22,26,0,0,2,2,1,7,2,2,0,0,5,0,0,0,14,19,8,15,1,11,1,4,0,0,6,118,10,21,99,7,1,0,0,0,0,0,5,0,19,15
/mnt/The_Second_Drive/Security/ML_Research/Malhug/malhug_result/model/extracted_models_text-generation/star23/baller10/baller10/pytorch_model.bin.trace.txt,256,17,0,301,1,0,7,8,41,0,7,7,16,13,1,0,54,10,10,10,0,125,27,7,17,40,0,94,7,0,14,0,146,0,0,8,0,6,8,22,1,1,4,1,9,0,5,5,0,2,0,0,6,2,9,0,5,0,2,0,6,0,1,1,14,0,50,0,0,0,0,2,8,0,0,1,0,2,11,1,0,0,0,5,4,0,14,0,10,6,6,0,0,0,6,0,0,121,6,0,10,0,0,1,1,1,0,0,1,1,0,1,1,0,0,0,118,3,8,0,10,3,0,0,6,2,6,0,0,0,1,0,9,6,11,1,3,0,0,1,0,0,2,120,0,1,0,24,1,1,40,0,0,0,8,3,0,0,16,0,22,26,0,0,2,2,1,7,2,2,0,0,5,0,0,0,14,19,8,15,1,11,1,4,0,0,6,118,10,21,99,7,1,0,0,0,0,0,5,0,19,15
/mnt/The_Second_Drive/Security/ML_Research/Malhug/malhug_result/model/extracted_models_text-generation/zpbrent/reuse/reuse/vocab.pkl.trace.txt,39,0,1,8,1,0,0,0,0,1,0,3,0,3,5,4,18,0,0,6,0,1,0,2,5,4,0,9,2,0,1,0,6,0,0,2,0,0,3,5,2,0,0,0,0,0,0,1,0,1,0,4,4,0,6,0,0,0,0,0,0,0,0,3,5,0,18,0,0,0,1,0,0,0,0,0,1,0,0,0,1,0,0,0,0,0,6,0,0,2,0,0,0,0,0,0,1,6,0,0,0,0,0,4,0,0,0,0,0,3,0,0,0,0,0,1,3,0,0,0,0,0,0,0,0,0,1,0,0,0,0,0,0,0,0,0,2,0,0,0,0,0,0,0,0,0,0,0,0,0,0,0,0,0,0,0,0,0,0,0,0,5,0,4,0,0,0,0,0,0,0,1,3,0,0,0,0,0,0,4,0,1,0,4,0,1,2,1,0,3,1,0,0,1,0,0,0,0,0,0,1,0
/mnt/The_Second_Drive/Security/ML_Research/Malhug/malhug_result/model/extracted_models_text-generation/MustEr/best_model_for_identifying_frogs/best_model_for_identifying_frogs/pytorch_model.bin.trace.txt,256,0,0,158,1,31,1,56,74,0,0,0,27,2,1,0,98,32,0,4,12,34,64,32,38,66,0,116,0,0,32,29,67,1,0,3,0,0,0,31,0,0,3,0,30,29,0,1,0,0,0,0,0,0,4,0,15,0,1,0,0,0,0,0,36,0,64,30,0,0,0,0,31,29,0,12,0,2,32,0,0,0,14,0,15,11,23,0,32,1,0,0,0,0,0,0,0,63,0,0,31,0,0,1,0,1,0,0,1,0,0,0,30,0,0,0,33,2,0,0,24,34,0,0,0,0,1,1,0,0,0,1,0,0,5,0,0,0,7,31,0,0,0,33,0,0,3,4,0,0,13,1,0,0,0,8,0,1,0,29,61,33,0,0,1,1,8,0,1,0,0,0,3,0,0,0,27,3,31,2,26,31,0,0,0,0,0,34,32,5,59,0,0,0,1,0,12,0,2,0,31,18
/mnt/The_Second_Drive/Security/ML_Research/Malhug/malhug_result/model/extracted_models_text-generation/MustEr/gpt2-elite/gpt2-elite/pytorch_model.bin.trace.txt,256,0,0,158,1,31,1,56,74,0,0,0,27,2,1,0,98,32,0,4,12,34,64,32,38,66,0,116,0,0,32,29,67,1,0,3,0,0,0,31,0,0,3,0,30,29,0,1,0,0,0,0,0,0,4,0,15,0,1,0,0,0,0,0,36,0,64,30,0,0,0,0,31,29,0,12,0,2,32,0,0,0,14,0,15,11,23,0,32,1,0,0,0,0,0,0,0,63,0,0,31,0,0,1,0,1,0,0,1,0,0,0,30,0,0,0,33,2,0,0,24,34,0,0,0,0,1,1,0,0,0,1,0,0,5,0,0,0,7,31,0,0,0,33,0,0,3,4,0,0,13,1,0,0,0,8,0,1,0,29,61,33,0,0,1,1,8,0,1,0,0,0,3,0,0,0,27,3,31,2,26,31,0,0,0,0,0,34,32,5,59,0,0,0,1,0,12,0,2,0,31,18
/mnt/The_Second_Drive/Security/ML_Research/Malhug/malhug_result/model/extracted_models_text-generation/funnythingy123a/imessedup123/imessedup123/pytorch_model.bin.trace.txt,256,17,0,301,1,0,7,8,41,0,7,7,16,13,1,0,54,10,10,10,0,125,27,7,17,40,0,94,7,0,14,0,146,0,0,8,0,6,8,22,1,1,4,1,9,0,5,5,0,2,0,0,6,2,9,0,5,0,2,0,6,0,1,1,14,0,50,0,0,0,0,2,8,0,0,1,0,2,11,1,0,0,0,5,4,0,14,0,10,6,6,0,0,0,6,0,0,121,6,0,10,0,0,1,1,1,0,0,1,1,0,1,1,0,0,0,118,3,8,0,10,3,0,0,6,2,6,0,0,0,1,0,9,6,11,1,3,0,0,1,0,0,2,120,0,1,0,24,1,1,40,0,0,0,8,3,0,0,16,0,22,26,0,0,2,2,1,7,2,2,0,0,5,0,0,0,14,19,8,15,1,11,1,4,0,0,6,118,10,21,99,7,1,0,0,0,0,0,5,0,19,15
/mnt/The_Second_Drive/Security/ML_Research/Malhug/malhug_result/model/extracted_models_text-generation/funnythingy123a/balling112a/balling112a/pytorch_model.bin.trace.txt,256,17,0,301,1,0,7,8,41,0,7,7,16,13,1,0,54,10,10,10,0,125,27,7,17,40,0,94,7,0,14,0,146,0,0,8,0,6,8,22,1,1,4,1,9,0,5,5,0,2,0,0,6,2,9,0,5,0,2,0,6,0,1,1,14,0,50,0,0,0,0,2,8,0,0,1,0,2,11,1,0,0,0,5,4,0,14,0,10,6,6,0,0,0,6,0,0,121,6,0,10,0,0,1,1,1,0,0,1,1,0,1,1,0,0,0,118,3,8,0,10,3,0,0,6,2,6,0,0,0,1,0,9,6,11,1,3,0,0,1,0,0,2,120,0,1,0,24,1,1,40,0,0,0,8,3,0,0,16,0,22,26,0,0,2,2,1,7,2,2,0,0,5,0,0,0,14,19,8,15,1,11,1,4,0,0,6,118,10,21,99,7,1,0,0,0,0,0,5,0,19,15
/mnt/The_Second_Drive/Security/ML_Research/Malhug/malhug_result/model/extracted_models_text-generation/bricksbricks919/threemodelz/threemodelz/pytorch_model.bin.trace.txt,256,17,0,301,1,0,7,8,41,0,7,7,16,13,1,0,54,10,10,10,0,125,27,7,17,40,0,94,7,0,14,0,146,0,0,8,0,6,8,22,1,1,4,1,9,0,5,5,0,2,0,0,6,2,9,0,5,0,2,0,6,0,1,1,14,0,50,0,0,0,0,2,8,0,0,1,0,2,11,1,0,0,0,5,4,0,14,0,10,6,6,0,0,0,6,0,0,121,6,0,10,0,0,1,1,1,0,0,1,1,0,1,1,0,0,0,118,3,8,0,10,3,0,0,6,2,6,0,0,0,1,0,9,6,11,1,3,0,0,1,0,0,2,120,0,1,0,24,1,1,40,0,0,0,8,3,0,0,16,0,22,26,0,0,2,2,1,7,2,2,0,0,5,0,0,0,14,19,8,15,1,11,1,4,0,0,6,118,10,21,99,7,1,0,0,0,0,0,5,0,19,15
/mnt/The_Second_Drive/Security/ML_Research/Malhug/malhug_result/model/extracted_models_text-generation/Narsil/totallysafe/totallysafe/pytorch_model.bin.trace.txt,256,0,0,755,1,0,0,80,946,0,0,0,94,1,1,0,305,152,0,5,30,173,325,0,170,326,1,632,0,0,152,1,306,0,0,2,0,0,0,31,0,0,257,0,149,0,0,1,0,0,0,0,0,74,4,0,55,0,121,0,0,0,0,0,36,10,66,0,0,0,0,10,31,0,1,15,0,104,152,1,0,0,0,0,44,10,28,1,152,0,0,0,0,0,10,0,0,63,0,0,151,0,0,1,0,0,0,10,1,0,10,1,0,0,0,0,150,134,0,0,170,239,0,0,0,0,0,0,0,1,0,0,0,0,107,0,0,1,10,0,0,0,0,152,0,0,120,242,0,0,226,0,0,10,0,1,0,0,0,0,67,34,0,0,120,8,0,0,112,0,10,1,2,1,0,0,20,239,32,4,15,30,0,0,1,0,0,153,152,97,62,0,0,0,0,0,10,10,121,0,151,94
